algo,dataset,n,avg_time_us,avg_char_ops
StringQuickSort,random,100,8,789
StringQuickSort,reversed,100,23.8571,2983
StringQuickSort,nearly,100,8.71429,1182
StringMergeSortLCP,random,100,10.7143,601
StringMergeSortLCP,reversed,100,10.8571,414
StringMergeSortLCP,nearly,100,9.28571,389
MSDRadix,random,100,18.2857,350
MSDRadix,reversed,100,17,350
MSDRadix,nearly,100,15.1429,350
MSDRadixCutover,random,100,3,304
MSDRadixCutover,reversed,100,2.42857,322
MSDRadixCutover,nearly,100,3.28571,306
StringQuickSort,random,200,18.5714,1666
StringQuickSort,reversed,200,106.429,7413
StringQuickSort,nearly,200,46.1429,3024
StringMergeSortLCP,random,200,76.8571,1486
StringMergeSortLCP,reversed,200,20.1429,1015
StringMergeSortLCP,nearly,200,20.8571,1077
MSDRadix,random,200,36,784
MSDRadix,reversed,200,51.1429,784
MSDRadix,nearly,200,33.5714,784
MSDRadixCutover,random,200,90.7143,704
MSDRadixCutover,reversed,200,6.42857,808
MSDRadixCutover,nearly,200,10.8571,741
StringQuickSort,random,300,24.1429,2793
StringQuickSort,reversed,300,59.5714,12281
StringQuickSort,nearly,300,25.5714,4963
StringMergeSortLCP,random,300,31.1429,2522
StringMergeSortLCP,reversed,300,19.7143,1695
StringMergeSortLCP,nearly,300,19.5714,1989
MSDRadix,random,300,60,1242
MSDRadix,reversed,300,91,1242
MSDRadix,nearly,300,44.1429,1242
MSDRadixCutover,random,300,10.2857,1183
MSDRadixCutover,reversed,300,10.4286,1436
MSDRadixCutover,nearly,300,63.8571,1257
StringQuickSort,random,400,51,3832
StringQuickSort,reversed,400,153.571,16866
StringQuickSort,nearly,400,53.4286,8010
StringMergeSortLCP,random,400,49.8571,3619
StringMergeSortLCP,reversed,400,23.4286,2442
StringMergeSortLCP,nearly,400,24.7143,2804
MSDRadix,random,400,37.2857,1672
MSDRadix,reversed,400,37,1672
MSDRadix,nearly,400,37,1672
MSDRadixCutover,random,400,9.14286,1727
MSDRadixCutover,reversed,400,10.5714,2171
MSDRadixCutover,nearly,400,8.42857,1811
StringQuickSort,random,500,33.8571,5292
StringQuickSort,reversed,500,97.4286,21007
StringQuickSort,nearly,500,46.8571,10678
StringMergeSortLCP,random,500,61.5714,4825
StringMergeSortLCP,reversed,500,29,3071
StringMergeSortLCP,nearly,500,83.1429,3790
MSDRadix,random,500,41.2857,2100
MSDRadix,reversed,500,42.2857,2100
MSDRadix,nearly,500,43.4286,2100
MSDRadixCutover,random,500,13,2314
MSDRadixCutover,reversed,500,14.2857,3028
MSDRadixCutover,nearly,500,11.5714,2448
StringQuickSort,random,600,40.8571,6141
StringQuickSort,reversed,600,120.143,25445
StringQuickSort,nearly,600,82.1429,13824
StringMergeSortLCP,random,600,116.714,6098
StringMergeSortLCP,reversed,600,60.8571,4049
StringMergeSortLCP,nearly,600,52.4286,4718
MSDRadix,random,600,49.2857,2540
MSDRadix,reversed,600,47.7143,2540
MSDRadix,nearly,600,48.4286,2540
MSDRadixCutover,random,600,16.8571,2919
MSDRadixCutover,reversed,600,19,3976
MSDRadixCutover,nearly,600,15.2857,3119
StringQuickSort,random,700,55,7711
StringQuickSort,reversed,700,153.286,30074
StringQuickSort,nearly,700,82.8571,17837
StringMergeSortLCP,random,700,85.7143,7411
StringMergeSortLCP,reversed,700,48.4286,4938
StringMergeSortLCP,nearly,700,128.429,5850
MSDRadix,random,700,70.8571,2974
MSDRadix,reversed,700,58.5714,2974
MSDRadix,nearly,700,57.4286,2974
MSDRadixCutover,random,700,20.8571,3565
MSDRadixCutover,reversed,700,31.1429,5146
MSDRadixCutover,nearly,700,19.4286,3825
StringQuickSort,random,800,62.5714,8353
StringQuickSort,reversed,800,305,34785
StringQuickSort,nearly,800,145.857,15731
StringMergeSortLCP,random,800,141.571,8747
StringMergeSortLCP,reversed,800,72.2857,5777
StringMergeSortLCP,nearly,800,67.4286,6987
MSDRadix,random,800,64.8571,3406
MSDRadix,reversed,800,65.2857,3406
MSDRadix,nearly,800,68.1429,3406
MSDRadixCutover,random,800,26.8571,4222
MSDRadixCutover,reversed,800,33,6405
MSDRadixCutover,nearly,800,22.2857,4597
StringQuickSort,random,900,73.4286,9535
StringQuickSort,reversed,900,199.857,39111
StringQuickSort,nearly,900,115.857,24156
StringMergeSortLCP,random,900,115.429,10175
StringMergeSortLCP,reversed,900,58.1429,6506
StringMergeSortLCP,nearly,900,77.4286,7985
MSDRadix,random,900,112,3860
MSDRadix,reversed,900,66.5714,3860
MSDRadix,nearly,900,149.429,3860
MSDRadixCutover,random,900,54.4286,4887
MSDRadixCutover,reversed,900,66,7733
MSDRadixCutover,nearly,900,43.8571,5425
StringQuickSort,random,1000,141.429,11179
StringQuickSort,reversed,1000,339.429,43702
StringQuickSort,nearly,1000,203.286,28112
StringMergeSortLCP,random,1000,160.429,11538
StringMergeSortLCP,reversed,1000,81.5714,7207
StringMergeSortLCP,nearly,1000,118.286,9078
MSDRadix,random,1000,83.5714,4328
MSDRadix,reversed,1000,86.1429,4328
MSDRadix,nearly,1000,140,4328
MSDRadixCutover,random,1000,89.8571,5633
MSDRadixCutover,reversed,1000,48.8571,9183
MSDRadixCutover,nearly,1000,32,6207
StringQuickSort,random,1100,97.2857,12309
StringQuickSort,reversed,1100,245.429,48956
StringQuickSort,nearly,1100,141.429,27762
StringMergeSortLCP,random,1100,144.429,12995
StringMergeSortLCP,reversed,1100,72.5714,8282
StringMergeSortLCP,nearly,1100,101.571,10351
MSDRadix,random,1100,85.8571,4782
MSDRadix,reversed,1100,74.7143,4782
MSDRadix,nearly,1100,77.1429,4782
MSDRadixCutover,random,1100,42.4286,6351
MSDRadixCutover,reversed,1100,55,10786
MSDRadixCutover,nearly,1100,36.7143,7059
StringQuickSort,random,1200,112.286,13751
StringQuickSort,reversed,1200,279,53659
StringQuickSort,nearly,1200,178.857,36171
StringMergeSortLCP,random,1200,203,14497
StringMergeSortLCP,reversed,1200,83.7143,9342
StringMergeSortLCP,nearly,1200,92.7143,11735
MSDRadix,random,1200,83.4286,5248
MSDRadix,reversed,1200,82.7143,5248
MSDRadix,nearly,1200,87.4286,5248
MSDRadixCutover,random,1200,49.1429,7070
MSDRadixCutover,reversed,1200,65.4286,12503
MSDRadixCutover,nearly,1200,41.5714,7885
StringQuickSort,random,1300,122.857,14504
StringQuickSort,reversed,1300,315.143,58896
StringQuickSort,nearly,1300,176.143,34542
StringMergeSortLCP,random,1300,197.143,16050
StringMergeSortLCP,reversed,1300,94.1429,10337
StringMergeSortLCP,nearly,1300,107.429,12461
MSDRadix,random,1300,92.8571,5696
MSDRadix,reversed,1300,189.714,5696
MSDRadix,nearly,1300,176.286,5696
MSDRadixCutover,random,1300,83.2857,7743
MSDRadixCutover,reversed,1300,104.143,14348
MSDRadixCutover,nearly,1300,73,8852
StringQuickSort,random,1400,201.429,16450
StringQuickSort,reversed,1400,471.714,64297
StringQuickSort,nearly,1400,226.714,42992
StringMergeSortLCP,random,1400,204.714,17564
StringMergeSortLCP,reversed,1400,97.8571,11449
StringMergeSortLCP,nearly,1400,115.143,14125
MSDRadix,random,1400,98.7143,6180
MSDRadix,reversed,1400,196.714,6180
MSDRadix,nearly,1400,147,6180
MSDRadixCutover,random,1400,74.5714,8525
MSDRadixCutover,reversed,1400,109.286,16174
MSDRadixCutover,nearly,1400,52.1429,9741
StringQuickSort,random,1500,142.429,17115
StringQuickSort,reversed,1500,351.286,69365
StringQuickSort,nearly,1500,219.571,44990
StringMergeSortLCP,random,1500,223.429,19116
StringMergeSortLCP,reversed,1500,104.286,12267
StringMergeSortLCP,nearly,1500,120.571,15332
MSDRadix,random,1500,120.571,6666
MSDRadix,reversed,1500,234.714,6666
MSDRadix,nearly,1500,163.286,6666
MSDRadixCutover,random,1500,90.2857,9300
MSDRadixCutover,reversed,1500,122.143,18202
MSDRadixCutover,nearly,1500,61.4286,10718
StringQuickSort,random,1600,217.571,18505
StringQuickSort,reversed,1600,464.857,74025
StringQuickSort,nearly,1600,222.429,39587
StringMergeSortLCP,random,1600,416.286,20680
StringMergeSortLCP,reversed,1600,205.857,13244
StringMergeSortLCP,nearly,1600,221.857,16402
MSDRadix,random,1600,129.714,7166
MSDRadix,reversed,1600,117.857,7166
MSDRadix,nearly,1600,118.857,7166
MSDRadixCutover,random,1600,77.7143,10088
MSDRadixCutover,reversed,1600,120.143,20175
MSDRadixCutover,nearly,1600,103.714,11655
StringQuickSort,random,1700,201.286,20671
StringQuickSort,reversed,1700,455.857,79476
StringQuickSort,nearly,1700,368.143,56356
StringMergeSortLCP,random,1700,361.714,22252
StringMergeSortLCP,reversed,1700,161.571,14267
StringMergeSortLCP,nearly,1700,252.857,17379
MSDRadix,random,1700,210.714,7658
MSDRadix,reversed,1700,125.143,7658
MSDRadix,nearly,1700,196.571,7658
MSDRadixCutover,random,1700,154.714,10954
MSDRadixCutover,reversed,1700,134.286,22403
MSDRadixCutover,nearly,1700,73.8571,12601
StringQuickSort,random,1800,205.143,21812
StringQuickSort,reversed,1800,464.857,84875
StringQuickSort,nearly,1800,252.857,43438
StringMergeSortLCP,random,1800,347.429,23898
StringMergeSortLCP,reversed,1800,142.286,15052
StringMergeSortLCP,nearly,1800,194.571,19260
MSDRadix,random,1800,141.143,8188
MSDRadix,reversed,1800,172.714,8188
MSDRadix,nearly,1800,137.429,8188
MSDRadixCutover,random,1800,109.286,11790
MSDRadixCutover,reversed,1800,133.714,24602
MSDRadixCutover,nearly,1800,79.1429,13791
StringQuickSort,random,1900,370,24258
StringQuickSort,reversed,1900,630.714,89773
StringQuickSort,nearly,1900,368.429,66340
StringMergeSortLCP,random,1900,317.143,25438
StringMergeSortLCP,reversed,1900,160.857,15933
StringMergeSortLCP,nearly,1900,210.429,20419
MSDRadix,random,1900,293.571,8676
MSDRadix,reversed,1900,160.714,8676
MSDRadix,nearly,1900,160.714,8676
MSDRadixCutover,random,1900,111.571,12599
MSDRadixCutover,reversed,1900,144.143,26984
MSDRadixCutover,nearly,1900,103,14554
StringQuickSort,random,2000,226.857,25057
StringQuickSort,reversed,2000,890.143,94347
StringQuickSort,nearly,2000,813,47247
StringMergeSortLCP,random,2000,443.286,27075
StringMergeSortLCP,reversed,2000,314.286,16667
StringMergeSortLCP,nearly,2000,400.857,22132
MSDRadix,random,2000,228.286,9208
MSDRadix,reversed,2000,370,9208
MSDRadix,nearly,2000,263.286,9208
MSDRadixCutover,random,2000,177.571,13501
MSDRadixCutover,reversed,2000,227.857,29174
MSDRadixCutover,nearly,2000,128.857,15705
StringQuickSort,random,2100,469,25636
StringQuickSort,reversed,2100,832.286,100086
StringQuickSort,nearly,2100,637.143,69005
StringMergeSortLCP,random,2100,656.143,28779
StringMergeSortLCP,reversed,2100,202.571,17712
StringMergeSortLCP,nearly,2100,242,23381
MSDRadix,random,2100,179.286,9724
MSDRadix,reversed,2100,189.143,9724
MSDRadix,nearly,2100,205.143,9724
MSDRadixCutover,random,2100,162,14439
MSDRadixCutover,reversed,2100,171.143,31602
MSDRadixCutover,nearly,2100,188.143,16763
StringQuickSort,random,2200,235.571,26296
StringQuickSort,reversed,2200,570.714,105205
StringQuickSort,nearly,2200,652.429,76096
StringMergeSortLCP,random,2200,471,30415
StringMergeSortLCP,reversed,2200,192.714,18971
StringMergeSortLCP,nearly,2200,191.714,24660
MSDRadix,random,2200,203.571,10220
MSDRadix,reversed,2200,288.571,10220
MSDRadix,nearly,2200,349.286,10220
MSDRadixCutover,random,2200,201,15293
MSDRadixCutover,reversed,2200,264,34295
MSDRadixCutover,nearly,2200,172.429,18010
StringQuickSort,random,2300,461.143,29596
StringQuickSort,reversed,2300,689,111515
StringQuickSort,nearly,2300,466.857,85986
StringMergeSortLCP,random,2300,434.857,32263
StringMergeSortLCP,reversed,2300,524.571,20155
StringMergeSortLCP,nearly,2300,277,25533
MSDRadix,random,2300,206.429,10760
MSDRadix,reversed,2300,198.286,10760
MSDRadix,nearly,2300,231.714,10760
MSDRadixCutover,random,2300,265.714,16090
MSDRadixCutover,reversed,2300,281,36826
MSDRadixCutover,nearly,2300,128.571,19120
StringQuickSort,random,2400,284.857,30169
StringQuickSort,reversed,2400,704.571,117309
StringQuickSort,nearly,2400,650.857,87351
StringMergeSortLCP,random,2400,414.714,33895
StringMergeSortLCP,reversed,2400,205.714,21489
StringMergeSortLCP,nearly,2400,226.571,25981
MSDRadix,random,2400,353.714,11268
MSDRadix,reversed,2400,288,11268
MSDRadix,nearly,2400,221.286,11268
MSDRadixCutover,random,2400,136.857,16925
MSDRadixCutover,reversed,2400,225.857,39602
MSDRadixCutover,nearly,2400,112.714,20264
StringQuickSort,random,2500,385.714,30387
StringQuickSort,reversed,2500,679.714,124005
StringQuickSort,nearly,2500,619.714,83768
StringMergeSortLCP,random,2500,685.143,35636
StringMergeSortLCP,reversed,2500,192.571,22624
StringMergeSortLCP,nearly,2500,237,28016
MSDRadix,random,2500,233.714,11796
MSDRadix,reversed,2500,215.714,11796
MSDRadix,nearly,2500,344.286,11796
MSDRadixCutover,random,2500,247.714,17858
MSDRadixCutover,reversed,2500,236.857,42334
MSDRadixCutover,nearly,2500,127.429,21411
StringQuickSort,random,2600,358.286,33089
StringQuickSort,reversed,2600,1105.57,128639
StringQuickSort,nearly,2600,428.857,79113
StringMergeSortLCP,random,2600,444.857,37355
StringMergeSortLCP,reversed,2600,688.857,23767
StringMergeSortLCP,nearly,2600,275.571,30324
MSDRadix,random,2600,320.714,12348
MSDRadix,reversed,2600,490.429,12348
MSDRadix,nearly,2600,391.857,12348
MSDRadixCutover,random,2600,203.429,18815
MSDRadixCutover,reversed,2600,286,45082
MSDRadixCutover,nearly,2600,212.714,22102
StringQuickSort,random,2700,376.571,32509
StringQuickSort,reversed,2700,1123.71,134526
StringQuickSort,nearly,2700,1047.14,78054
StringMergeSortLCP,random,2700,712.571,39173
StringMergeSortLCP,reversed,2700,365.714,24919
StringMergeSortLCP,nearly,2700,262.143,31909
MSDRadix,random,2700,258.143,12918
MSDRadix,reversed,2700,274.286,12918
MSDRadix,nearly,2700,350.714,12918
MSDRadixCutover,random,2700,274,19697
MSDRadixCutover,reversed,2700,287.714,47856
MSDRadixCutover,nearly,2700,137.571,23026
StringQuickSort,random,2800,334.857,34848
StringQuickSort,reversed,2800,1120.86,139340
StringQuickSort,nearly,2800,844.286,111449
StringMergeSortLCP,random,2800,786,40877
StringMergeSortLCP,reversed,2800,236.571,26000
StringMergeSortLCP,nearly,2800,263.571,33450
MSDRadix,random,2800,264.286,13468
MSDRadix,reversed,2800,327.714,13468
MSDRadix,nearly,2800,413.143,13468
MSDRadixCutover,random,2800,196.286,20533
MSDRadixCutover,reversed,2800,279,50807
MSDRadixCutover,nearly,2800,146.429,24518
StringQuickSort,random,2900,352,38064
StringQuickSort,reversed,2900,887.286,145637
StringQuickSort,nearly,2900,590,110942
StringMergeSortLCP,random,2900,565.714,42701
StringMergeSortLCP,reversed,2900,304,27233
StringMergeSortLCP,nearly,2900,271.714,34109
MSDRadix,random,2900,305.857,14002
MSDRadix,reversed,2900,380.857,14002
MSDRadix,nearly,2900,312.714,14002
MSDRadixCutover,random,2900,289.857,21200
MSDRadixCutover,reversed,2900,323,53765
MSDRadixCutover,nearly,2900,159.429,24963
StringQuickSort,random,3000,421.429,39570
StringQuickSort,reversed,3000,1039.71,152551
StringQuickSort,nearly,3000,671.429,120672
StringMergeSortLCP,random,3000,722.286,44376
StringMergeSortLCP,reversed,3000,306.143,28175
StringMergeSortLCP,nearly,3000,333.571,36420
MSDRadix,random,3000,391.143,14534
MSDRadix,reversed,3000,634.571,14534
MSDRadix,nearly,3000,297.714,14534
MSDRadixCutover,random,3000,193.143,22207
MSDRadixCutover,reversed,3000,317,57006
MSDRadixCutover,nearly,3000,174,26426
